district,family_size,income_class,food,rent,electricity,transport,education,healthcare,other
Ariyalur,4,Middle,8500,9000,1200,1800,1400,1200,1800
Chengalpattu,4,Middle,9500,16000,1800,2500,1800,1400,2200
Chennai,4,Middle,9800,22000,2000,2800,2000,1500,2500
Coimbatore,4,Middle,9200,13000,1600,2200,1800,1400,2200
Cuddalore,4,Middle,8500,8500,1200,1800,1400,1200,1800
Dharmapuri,4,Middle,8200,7500,1100,1600,1300,1100,1700
Dindigul,4,Middle,8400,8000,1200,1700,1400,1200,1800
Erode,4,Middle,8800,9500,1300,1900,1500,1300,1900
Kallakurichi,4,Middle,8200,7500,1100,1600,1300,1100,1700
Kancheepuram,4,Middle,9000,13000,1600,2200,1700,1300,2100
Karur,4,Middle,8500,8500,1200,1700,1400,1200,1800
Krishnagiri,4,Middle,8600,9000,1300,1800,1500,1200,1900
Madurai,4,Middle,9000,11000,1500,2100,1700,1400,2100
Mayiladuthurai,4,Middle,8300,7500,1100,1600,1300,1100,1700
Nagapattinam,4,Middle,8300,7500,1100,1600,1300,1100,1700
Kanyakumari,4,Middle,8800,9000,1300,1800,1500,1300,1900
Namakkal,4,Middle,8500,8500,1200,1700,1400,1200,1800
Perambalur,4,Middle,8200,7000,1100,1500,1200,1000,1600
Pudukottai,4,Middle,8300,7500,1100,1600,1300,1100,1700
Ramanathapuram,4,Middle,8200,7500,1100,1600,1300,1100,1700
Ranipet,4,Middle,8500,8500,1200,1800,1400,1200,1800
Salem,4,Middle,8800,10000,1400,2000,1600,1300,2000
Sivaganga,4,Middle,8200,7500,1100,1600,1300,1100,1700
Tenkasi,4,Middle,8300,7500,1100,1600,1300,1100,1700
Thanjavur,4,Middle,8500,8500,1200,1700,1400,1200,1800
Theni,4,Middle,8300,7500,1100,1600,1300,1100,1700
Thiruvallur,4,Middle,9200,15000,1800,2500,1800,1400,2200
Thiruvarur,4,Middle,8300,7500,1100,1600,1300,1100,1700
Thoothukudi,4,Middle,8600,9000,1300,1800,1500,1200,1900
Tiruchirappalli,4,Middle,8800,10000,1400,2000,1600,1300,2000
Tirunelveli,4,Middle,8500,8500,1200,1800,1400,1200,1800
Tirupathur,4,Middle,8200,7500,1100,1600,1300,1100,1700
Tiruppur,4,Middle,9000,11000,1500,2100,1600,1300,2100
Tiruvannamalai,4,Middle,8200,7500,1100,1600,1300,1100,1700
The Nilgiris,4,Middle,8800,9500,1400,1800,1500,1300,1900
Vellore,4,Middle,8700,9500,1300,1900,1500,1300,1900
Viluppuram,4,Middle,8200,7500,1100,1600,1300,1100,1700
Virudhunagar,4,Middle,8300,8000,1200,1700,1400,1200,1800
